Timestamp,UTC,Callsign,Position,Altitude,Speed,Direction
1484714106,2017-01-18T04:35:06Z,BAW32,"51.474735,-0.440641",0,29,180
1484714100,2017-01-18T04:35:00Z,BAW32,"51.475067,-0.440655",0,26,177
1484714094,2017-01-18T04:34:54Z,BAW32,"51.475353,-0.440622",0,24,165
1484714085,2017-01-18T04:34:45Z,BAW32,"51.475742,-0.440693",0,24,118
1484714079,2017-01-18T04:34:39Z,BAW32,"51.475895,-0.440998",0,22,95
1484714073,2017-01-18T04:34:33Z,BAW32,"51.475891,-0.441383",0,22,106
1484714064,2017-01-18T04:34:24Z,BAW32,"51.475929,-0.441971",0,22,140
1484714058,2017-01-18T04:34:18Z,BAW32,"51.476086,-0.442237",0,21,154
1484714037,2017-01-18T04:33:57Z,BAW32,"51.476742,-0.443058",0,30,115
1484714028,2017-01-18T04:33:48Z,BAW32,"51.477024,-0.444055",0,21,112
1484714022,2017-01-18T04:33:42Z,BAW32,"51.477268,-0.444927",0,20,109
1484714016,2017-01-18T04:33:36Z,BAW32,"51.477459,-0.4458",0,20,104
1484714010,2017-01-18T04:33:30Z,BAW32,"51.477592,-0.446777",0,26,95
1484714004,2017-01-18T04:33:24Z,BAW32,"51.477631,-0.448287",0,41,90
1484713998,2017-01-18T04:33:18Z,BAW32,"51.477608,-0.450532",0,60,90
1484713989,2017-01-18T04:33:09Z,BAW32,"51.477592,-0.455074",0,78,90
1484713980,2017-01-18T04:33:00Z,BAW32,"51.477573,-0.460869",0,92,90
1484713974,2017-01-18T04:32:54Z,BAW32,"51.477558,-0.465851",0,105,89
1484713968,2017-01-18T04:32:48Z,BAW32,"51.477493,-0.470705",0,117,89
1484713946,2017-01-18T04:32:26Z,BAW32,"51.477459,-0.49217",0,129,90
1484713923,2017-01-18T04:32:03Z,BAW32,"51.47731,-0.516506",0,132,90
1484713912,2017-01-18T04:31:52Z,BAW32,"51.47731,-0.524968",0,132,90
1484713892,2017-01-18T04:31:32Z,BAW32,"51.477261,-0.54471",250,133,90
1484713882,2017-01-18T04:31:22Z,BAW32,"51.477219,-0.55459",375,134,89
1484713872,2017-01-18T04:31:12Z,BAW32,"51.477169,-0.56453",500,134,89
1484713862,2017-01-18T04:31:02Z,BAW32,"51.477139,-0.57465",625,134,89
1484713852,2017-01-18T04:30:52Z,BAW32,"51.477089,-0.58411",750,135,89
1484713842,2017-01-18T04:30:42Z,BAW32,"51.477039,-0.594",875,140,89
1484713832,2017-01-18T04:30:32Z,BAW32,"51.47699,-0.60425",1000,147,89
1484713817,2017-01-18T04:30:17Z,BAW32,"51.476898,-0.62154",1225,159,89
1484713807,2017-01-18T04:30:07Z,BAW32,"51.476849,-0.63335",1375,160,89
1484713797,2017-01-18T04:29:57Z,BAW32,"51.476761,-0.64582",1550,159,89
1484713773,2017-01-18T04:29:33Z,BAW32,"51.476673,-0.674591",1925,159,90
1484713762,2017-01-18T04:29:22Z,BAW32,"51.476582,-0.68724",2075,159,89
1484713752,2017-01-18T04:29:12Z,BAW32,"51.47649,-0.70007",2250,159,89
1484713742,2017-01-18T04:29:02Z,BAW32,"51.47644,-0.7107",2375,160,89
1484713731,2017-01-18T04:28:51Z,BAW32,"51.476391,-0.72174",2525,160,89
1484713722,2017-01-18T04:28:42Z,BAW32,"51.476299,-0.73386",2675,161,89
1484713713,2017-01-18T04:28:33Z,BAW32,"51.476212,-0.74615",2850,164,89
1484713707,2017-01-18T04:28:27Z,BAW32,"51.47617,-0.75204",2925,166,89
1484713697,2017-01-18T04:28:17Z,BAW32,"51.47607,-0.76424",3075,169,89
1484713690,2017-01-18T04:28:10Z,BAW32,"51.476021,-0.77576",3225,174,89
1484713680,2017-01-18T04:28:00Z,BAW32,"51.475979,-0.78641",3350,179,89
1484713660,2017-01-18T04:27:40Z,BAW32,"51.475845,-0.811578",3675,182,90
1484713654,2017-01-18T04:27:34Z,BAW32,"51.475834,-0.819855",3800,182,89
1484713648,2017-01-18T04:27:28Z,BAW32,"51.4758,-0.82776",3900,182,89
1484713642,2017-01-18T04:27:22Z,BAW32,"51.475697,-0.836258",4000,181,89
1484713636,2017-01-18T04:27:16Z,BAW32,"51.475601,-0.844421",4125,181,89
1484713630,2017-01-18T04:27:10Z,BAW32,"51.475525,-0.852109",4200,180,89
1484713624,2017-01-18T04:27:04Z,BAW32,"51.475418,-0.860443",4325,179,89
1484713618,2017-01-18T04:26:58Z,BAW32,"51.475342,-0.868068",4400,180,89
1484713612,2017-01-18T04:26:52Z,BAW32,"51.475323,-0.876541",4525,181,90
1484713606,2017-01-18T04:26:46Z,BAW32,"51.475342,-0.884548",4600,180,90
1484713600,2017-01-18T04:26:40Z,BAW32,"51.475433,-0.892565",4675,177,90
1484713594,2017-01-18T04:26:34Z,BAW32,"51.47551,-0.900497",4700,178,91
1484713585,2017-01-18T04:26:25Z,BAW32,"51.475616,-0.912385",4750,178,90
1484713579,2017-01-18T04:26:19Z,BAW32,"51.475708,-0.920402",4775,178,90
1484713573,2017-01-18T04:26:13Z,BAW32,"51.475708,-0.927677",4800,178,90
1484713567,2017-01-18T04:26:07Z,BAW32,"51.475834,-0.935669",4850,179,92
1484713561,2017-01-18T04:26:01Z,BAW32,"51.476166,-0.943562",4875,180,97
1484713555,2017-01-18T04:25:55Z,BAW32,"51.477184,-0.951614",4900,181,107
1484713549,2017-01-18T04:25:49Z,BAW32,"51.479279,-0.959299",4925,182,120
1484713543,2017-01-18T04:25:43Z,BAW32,"51.481979,-0.965576",4975,182,127
1484713537,2017-01-18T04:25:37Z,BAW32,"51.485138,-0.972142",5000,182,127
1484713531,2017-01-18T04:25:31Z,BAW32,"51.488312,-0.978622",5025,183,128
1484713525,2017-01-18T04:25:25Z,BAW32,"51.491592,-0.984835",5050,184,132
1484713519,2017-01-18T04:25:19Z,BAW32,"51.495247,-0.990601",5075,187,140
1484713513,2017-01-18T04:25:13Z,BAW32,"51.499485,-0.995255",5100,192,153
1484713507,2017-01-18T04:25:07Z,BAW32,"51.504639,-0.998123",5125,196,169
1484713501,2017-01-18T04:25:01Z,BAW32,"51.510086,-0.998717",5150,200,184
1484713495,2017-01-18T04:24:55Z,BAW32,"51.51622,-0.996861",5175,203,197
1484713489,2017-01-18T04:24:49Z,BAW32,"51.521084,-0.993652",5200,205,209
1484713483,2017-01-18T04:24:43Z,BAW32,"51.525646,-0.988235",5225,207,224
1484713476,2017-01-18T04:24:36Z,BAW32,"51.529232,-0.980988",5300,209,238
1484713464,2017-01-18T04:24:24Z,BAW32,"51.533569,-0.963308",5325,208,252
1484713452,2017-01-18T04:24:12Z,BAW32,"51.536911,-0.945587",5325,208,253
1484713440,2017-01-18T04:24:00Z,BAW32,"51.540298,-0.927899",5325,209,253
1484713428,2017-01-18T04:23:48Z,BAW32,"51.543732,-0.909861",5325,208,253
1484713416,2017-01-18T04:23:36Z,BAW32,"51.547108,-0.892258",5350,208,253
1484713404,2017-01-18T04:23:24Z,BAW32,"51.550507,-0.874304",5350,210,253
1484713392,2017-01-18T04:23:12Z,BAW32,"51.55394,-0.856191",5300,220,253
1484713380,2017-01-18T04:23:00Z,BAW32,"51.557556,-0.836817",5325,232,253
1484713368,2017-01-18T04:22:48Z,BAW32,"51.56131,-0.816626",5325,243,253
1484713356,2017-01-18T04:22:36Z,BAW32,"51.565247,-0.795247",5325,252,253
1484713344,2017-01-18T04:22:24Z,BAW32,"51.569229,-0.773571",5375,252,253
1484713332,2017-01-18T04:22:12Z,BAW32,"51.573269,-0.752029",5475,253,252
1484713320,2017-01-18T04:22:00Z,BAW32,"51.577457,-0.730133",5575,253,252
1484713308,2017-01-18T04:21:48Z,BAW32,"51.581497,-0.709212",5675,253,252
1484713296,2017-01-18T04:21:36Z,BAW32,"51.585846,-0.686868",5775,254,252
1484713284,2017-01-18T04:21:24Z,BAW32,"51.58989,-0.665665",5875,256,252
1484713272,2017-01-18T04:21:12Z,BAW32,"51.594219,-0.642929",5975,258,253
1484713260,2017-01-18T04:21:00Z,BAW32,"51.598389,-0.620876",6075,259,253
1484713248,2017-01-18T04:20:48Z,BAW32,"51.602551,-0.598755",6175,260,252
1484713235,2017-01-18T04:20:35Z,BAW32,"51.606812,-0.576337",6275,259,252
1484713223,2017-01-18T04:20:23Z,BAW32,"51.610977,-0.554513",6400,259,252
1484713211,2017-01-18T04:20:11Z,BAW32,"51.615166,-0.532837",6525,259,252
1484713199,2017-01-18T04:19:59Z,BAW32,"51.619495,-0.510559",6650,260,252
1484713187,2017-01-18T04:19:47Z,BAW32,"51.623779,-0.48851",6750,261,252
1484713175,2017-01-18T04:19:35Z,BAW32,"51.628326,-0.465286",6875,262,252
1484713160,2017-01-18T04:19:20Z,BAW32,"51.633881,-0.437393",7025,261,251
1484713154,2017-01-18T04:19:14Z,BAW32,"51.636108,-0.426463",7100,262,251
1484713148,2017-01-18T04:19:08Z,BAW32,"51.638302,-0.415726",7150,262,252
1484713142,2017-01-18T04:19:02Z,BAW32,"51.640503,-0.40397",7225,262,254
1484713136,2017-01-18T04:18:56Z,BAW32,"51.642059,-0.39291",7300,260,260
1484713130,2017-01-18T04:18:50Z,BAW32,"51.64291,-0.381393",7400,260,267
1484713118,2017-01-18T04:18:38Z,BAW32,"51.642929,-0.358169",7500,261,270
1484713106,2017-01-18T04:18:26Z,BAW32,"51.642746,-0.334192",7600,262,270
1484713094,2017-01-18T04:18:14Z,BAW32,"51.642609,-0.311329",7725,264,270
1484713082,2017-01-18T04:18:02Z,BAW32,"51.642445,-0.287476",7875,268,270
1484713070,2017-01-18T04:17:50Z,BAW32,"51.642307,-0.262756",8050,269,270
1484713058,2017-01-18T04:17:38Z,BAW32,"51.64212,-0.238647",8200,269,270
1484713046,2017-01-18T04:17:26Z,BAW32,"51.641933,-0.215225",8350,269,270
1484713034,2017-01-18T04:17:14Z,BAW32,"51.641739,-0.19085",8525,268,270
1484713022,2017-01-18T04:17:02Z,BAW32,"51.64156,-0.167084",8675,268,270
1484713010,2017-01-18T04:16:50Z,BAW32,"51.641327,-0.143565",8825,269,270
1484712998,2017-01-18T04:16:38Z,BAW32,"51.641094,-0.119553",9000,271,270
1484712986,2017-01-18T04:16:26Z,BAW32,"51.640816,-0.09491",9150,274,271
1484712974,2017-01-18T04:16:14Z,BAW32,"51.640491,-0.069885",9325,277,271
1484712962,2017-01-18T04:16:02Z,BAW32,"51.640091,-0.045133",9475,277,271
1484712950,2017-01-18T04:15:50Z,BAW32,"51.639793,-0.020981",9600,276,271
1484712938,2017-01-18T04:15:38Z,BAW32,"51.639542,0.004454",9800,276,270
1484712926,2017-01-18T04:15:26Z,BAW32,"51.639404,0.028728",10000,277,270
1484712914,2017-01-18T04:15:14Z,BAW32,"51.639328,0.053787",10200,278,270
1484712908,2017-01-18T04:15:08Z,BAW32,"51.639313,0.065918",10300,279,270
1484712902,2017-01-18T04:15:02Z,BAW32,"51.639278,0.078659",10400,280,270
1484712896,2017-01-18T04:14:56Z,BAW32,"51.639313,0.091528",10500,281,268
1484712890,2017-01-18T04:14:50Z,BAW32,"51.639542,0.103182",10600,282,266
1484712878,2017-01-18T04:14:38Z,BAW32,"51.642151,0.129089",10800,287,255
1484712866,2017-01-18T04:14:26Z,BAW32,"51.646542,0.154266",11025,290,254
1484712853,2017-01-18T04:14:13Z,BAW32,"51.650894,0.178825",11275,289,254
1484712841,2017-01-18T04:14:01Z,BAW32,"51.655243,0.203618",11600,288,254
1484712808,2017-01-18T04:13:28Z,BAW32,"51.667397,0.272522",12250,295,254
1484712775,2017-01-18T04:12:55Z,BAW32,"51.679871,0.343323",13025,296,254
1484712742,2017-01-18T04:12:22Z,BAW32,"51.692322,0.414363",14050,311,254
1484712709,2017-01-18T04:11:49Z,BAW32,"51.70578,0.491416",14850,335,254
1484712676,2017-01-18T04:11:16Z,BAW32,"51.719955,0.572815",15975,341,254
1484712643,2017-01-18T04:10:43Z,BAW32,"51.733795,0.653315",17175,348,254
1484712582,2017-01-18T04:09:42Z,BAW32,"51.760254,0.807569",18700,361,254
1484712519,2017-01-18T04:08:39Z,BAW32,"51.788342,0.972672",20525,363,254
1484712456,2017-01-18T04:07:36Z,BAW32,"51.816559,1.1405",22175,372,254
1484712393,2017-01-18T04:06:33Z,BAW32,"51.8456,1.314392",23450,395,254
1484712330,2017-01-18T04:05:30Z,BAW32,"51.876556,1.502151",24750,422,255
1484712269,2017-01-18T04:04:29Z,BAW32,"51.906631,1.68648",26750,424,255
1484712206,2017-01-18T04:03:26Z,BAW32,"51.938187,1.882553",27900,435,255
1484712143,2017-01-18T04:02:23Z,BAW32,"51.970684,2.084813",28975,445,255
1484712079,2017-01-18T04:01:19Z,BAW32,"52.003052,2.294617",30025,461,257
1484712073,2017-01-18T04:01:13Z,BAW32,"52.005692,2.314035",30150,461,257
1484712067,2017-01-18T04:01:07Z,BAW32,"52.008362,2.332001",30225,460,254
1484712061,2017-01-18T04:01:01Z,BAW32,"52.012344,2.353058",30325,460,250
1484712052,2017-01-18T04:00:52Z,BAW32,"52.019394,2.380524",30550,461,244
1484711989,2017-01-18T03:59:49Z,BAW32,"52.086227,2.575378",32150,470,240
1484711926,2017-01-18T03:58:46Z,BAW32,"52.153793,2.771988",33200,483,240
1484711863,2017-01-18T03:57:43Z,BAW32,"52.222393,2.973921",34300,491,241
1484711800,2017-01-18T03:56:40Z,BAW32,"52.291214,3.17749",36925,484,241
1484711737,2017-01-18T03:55:37Z,BAW32,"52.358734,3.378983",38000,484,241
1484711674,2017-01-18T03:54:34Z,BAW32,"52.426247,3.582171",38000,484,241
1484711613,2017-01-18T03:53:33Z,BAW32,"52.489563,3.774414",38000,483,241
1484711550,2017-01-18T03:52:30Z,BAW32,"52.556499,3.979091",38000,483,241
1484711487,2017-01-18T03:51:27Z,BAW32,"52.622509,4.182731",38000,484,242
1484711424,2017-01-18T03:50:24Z,BAW32,"52.688873,4.389038",38000,484,242
1484711361,2017-01-18T03:49:21Z,BAW32,"52.753876,4.592896",38000,483,242
1484711298,2017-01-18T03:48:18Z,BAW32,"52.819054,4.799142",38000,484,242
1484711235,2017-01-18T03:47:15Z,BAW32,"52.884693,5.008667",38000,483,242
1484711174,2017-01-18T03:46:14Z,BAW32,"52.945908,5.20546",38000,482,242
1484711111,2017-01-18T03:45:11Z,BAW32,"53.009995,5.413361",38000,483,243
1484711049,2017-01-18T03:44:09Z,BAW32,"53.073898,5.622635",38000,483,243
1484710985,2017-01-18T03:43:05Z,BAW32,"53.137005,5.830994",38000,482,243
1484710922,2017-01-18T03:42:02Z,BAW32,"53.201481,6.045712",38000,482,243
1484710859,2017-01-18T03:40:59Z,BAW32,"53.262497,6.250828",38000,482,243
1484710798,2017-01-18T03:39:58Z,BAW32,"53.321732,6.451643",38000,482,243
1484710735,2017-01-18T03:38:55Z,BAW32,"53.383453,6.662481",38000,481,244
1484710671,2017-01-18T03:37:51Z,BAW32,"53.446346,6.879542",38000,482,244
1484710610,2017-01-18T03:36:50Z,BAW32,"53.504955,7.083516",38000,482,244
1484710547,2017-01-18T03:35:47Z,BAW32,"53.565491,7.296177",38000,483,244
1484710486,2017-01-18T03:34:46Z,BAW32,"53.62315,7.500592",38000,483,244
1484710423,2017-01-18T03:33:43Z,BAW32,"53.683529,7.716442",38000,483,244
1484710362,2017-01-18T03:32:42Z,BAW32,"53.740879,7.923485",38000,483,245
1484710299,2017-01-18T03:31:39Z,BAW32,"53.800232,8.139535",38000,482,245
1484710238,2017-01-18T03:30:38Z,BAW32,"53.856705,8.347186",38000,482,245
1484710177,2017-01-18T03:29:37Z,BAW32,"53.912704,8.554976",38000,483,245
1484710114,2017-01-18T03:28:34Z,BAW32,"53.970886,8.772661",38000,483,245
1484710051,2017-01-18T03:27:31Z,BAW32,"54.028622,8.991017",38000,484,245
1484709990,2017-01-18T03:26:30Z,BAW32,"54.083458,9.200484",38000,482,246
1484709927,2017-01-18T03:25:27Z,BAW32,"54.140625,9.420695",38000,480,246
1484709864,2017-01-18T03:24:24Z,BAW32,"54.196793,9.639247",38000,480,246
1484709800,2017-01-18T03:23:20Z,BAW32,"54.253609,9.862411",38000,482,246
1484709739,2017-01-18T03:22:19Z,BAW32,"54.307297,10.075513",38000,482,246
1484709676,2017-01-18T03:21:16Z,BAW32,"54.362167,10.295521",38000,480,246
1484709608,2017-01-18T03:20:08Z,BAW32,"54.420918,10.533475",38000,479,247
1484709547,2017-01-18T03:19:07Z,BAW32,"54.472218,10.743298",38000,479,247
1484709484,2017-01-18T03:18:04Z,BAW32,"54.52631,10.967185",38000,480,247
1484709421,2017-01-18T03:17:01Z,BAW32,"54.579575,11.197573",38000,487,245
1484709357,2017-01-18T03:15:57Z,BAW32,"54.639385,11.414545",38000,487,244
1484709294,2017-01-18T03:14:54Z,BAW32,"54.700058,11.635329",38000,485,244
1484709233,2017-01-18T03:13:53Z,BAW32,"54.75737,11.846089",38000,484,244
1484709170,2017-01-18T03:12:50Z,BAW32,"54.817474,12.069047",38000,486,245
1484709107,2017-01-18T03:11:47Z,BAW32,"54.877213,12.293055",38000,484,245
1484709044,2017-01-18T03:10:44Z,BAW32,"54.937275,12.520252",38000,484,245
1484708981,2017-01-18T03:09:41Z,BAW32,"54.993805,12.736466",38000,485,245
1484708918,2017-01-18T03:08:38Z,BAW32,"55.052025,12.961121",38000,485,245
1484708857,2017-01-18T03:07:37Z,BAW32,"55.107655,13.177851",38000,486,246
1484708796,2017-01-18T03:06:36Z,BAW32,"55.162773,13.394914",38000,484,246
1484708733,2017-01-18T03:05:33Z,BAW32,"55.219666,13.621108",38000,483,246
1484708672,2017-01-18T03:04:32Z,BAW32,"55.2738,13.838612",38000,484,246
1484708611,2017-01-18T03:03:31Z,BAW32,"55.327652,14.057088",38000,483,246
1484708550,2017-01-18T03:02:30Z,BAW32,"55.381668,14.278268",38000,483,246
1484708489,2017-01-18T03:01:29Z,BAW32,"55.434219,14.49596",38000,484,247
1484708427,2017-01-18T03:00:27Z,BAW32,"55.488464,14.722762",38000,483,247
1484708366,2017-01-18T02:59:26Z,BAW32,"55.540173,14.941235",38000,482,247
1484708303,2017-01-18T02:58:23Z,BAW32,"55.594124,15.171432",38000,483,247
1484708240,2017-01-18T02:57:20Z,BAW32,"55.647583,15.402249",38000,482,247
1484708179,2017-01-18T02:56:19Z,BAW32,"55.698311,15.623503",38000,480,248
1484708116,2017-01-18T02:55:16Z,BAW32,"55.750587,15.853958",38000,479,248
1484708053,2017-01-18T02:54:13Z,BAW32,"55.802166,16.083984",38000,480,248
1484707990,2017-01-18T02:53:10Z,BAW32,"55.853806,16.316778",38000,481,248
1484707927,2017-01-18T02:52:07Z,BAW32,"55.904526,16.547741",38000,478,248
1484707863,2017-01-18T02:51:03Z,BAW32,"55.955383,16.782282",38000,478,248
1484707800,2017-01-18T02:50:00Z,BAW32,"56.004715,17.012329",38000,478,249
1484707737,2017-01-18T02:48:57Z,BAW32,"56.054672,17.247953",38000,478,249
1484707674,2017-01-18T02:47:54Z,BAW32,"56.103359,17.480192",38000,477,249
1484707613,2017-01-18T02:46:53Z,BAW32,"56.149475,17.702553",38000,478,249
1484707552,2017-01-18T02:45:52Z,BAW32,"56.195812,17.928915",38000,480,249
1484707489,2017-01-18T02:44:49Z,BAW32,"56.244324,18.166975",38000,479,249
1484707428,2017-01-18T02:43:48Z,BAW32,"56.289047,18.393776",38000,473,252
1484707421,2017-01-18T02:43:41Z,BAW32,"56.293621,18.419523",38000,472,252
1484707415,2017-01-18T02:43:35Z,BAW32,"56.297997,18.443298",38025,474,250
1484707409,2017-01-18T02:43:29Z,BAW32,"56.302734,18.465105",38000,478,246
1484707384,2017-01-18T02:43:04Z,BAW32,"56.330208,18.548183",38000,488,235
1484707321,2017-01-18T02:42:01Z,BAW32,"56.410793,18.759499",38000,488,235
1484707260,2017-01-18T02:41:00Z,BAW32,"56.489136,18.966148",38000,503,235
1484707197,2017-01-18T02:39:57Z,BAW32,"56.571209,19.184961",38000,500,235
1484707134,2017-01-18T02:38:54Z,BAW32,"56.653236,19.405489",38000,498,236
1484707073,2017-01-18T02:37:53Z,BAW32,"56.730606,19.615402",38000,498,236
1484707012,2017-01-18T02:36:52Z,BAW32,"56.807369,19.825626",38000,495,236
1484706951,2017-01-18T02:35:51Z,BAW32,"56.88446,20.038633",38000,495,236
1484706889,2017-01-18T02:34:49Z,BAW32,"56.965088,20.263042",38000,500,236
1484706827,2017-01-18T02:33:47Z,BAW32,"57.041203,20.477364",38000,502,236
1484706766,2017-01-18T02:32:46Z,BAW32,"57.117554,20.694036",38000,499,237
1484706703,2017-01-18T02:31:43Z,BAW32,"57.196289,20.919256",38000,498,237
1484706642,2017-01-18T02:30:42Z,BAW32,"57.27187,21.137873",38025,498,237
1484706581,2017-01-18T02:29:41Z,BAW32,"57.348038,21.359911",38000,498,237
1484706515,2017-01-18T02:28:35Z,BAW32,"57.426422,21.596375",38000,497,239
1484706452,2017-01-18T02:27:32Z,BAW32,"57.506817,21.821062",38000,500,234
1484706391,2017-01-18T02:26:31Z,BAW32,"57.588455,22.032051",38000,502,234
1484706328,2017-01-18T02:25:28Z,BAW32,"57.673874,22.254524",38000,501,234
1484706267,2017-01-18T02:24:27Z,BAW32,"57.754761,22.467218",38000,500,234
1484706204,2017-01-18T02:23:24Z,BAW32,"57.841782,22.693501",38000,501,234
1484706141,2017-01-18T02:22:21Z,BAW32,"57.920883,22.920937",38000,500,237
1484706080,2017-01-18T02:21:20Z,BAW32,"57.997421,23.146067",38000,498,237
1484706017,2017-01-18T02:20:17Z,BAW32,"58.07415,23.374054",38000,500,237
1484705956,2017-01-18T02:19:16Z,BAW32,"58.147614,23.594379",38000,501,237
1484705893,2017-01-18T02:18:13Z,BAW32,"58.225582,23.830444",38000,500,237
1484705830,2017-01-18T02:17:10Z,BAW32,"58.302582,24.065918",38000,499,238
1484705769,2017-01-18T02:16:09Z,BAW32,"58.375111,24.290131",38000,495,238
1484705706,2017-01-18T02:15:06Z,BAW32,"58.450523,24.525238",38000,493,238
1484705645,2017-01-18T02:14:05Z,BAW32,"58.521927,24.75016",38000,496,238
1484705582,2017-01-18T02:13:02Z,BAW32,"58.597092,24.98929",38000,497,239
1484705519,2017-01-18T02:11:59Z,BAW32,"58.671341,25.227444",38000,496,239
1484705458,2017-01-18T02:10:58Z,BAW32,"58.74115,25.45479",37975,495,239
1484705395,2017-01-18T02:09:55Z,BAW32,"58.815033,25.696667",38000,496,239
1484705334,2017-01-18T02:08:54Z,BAW32,"58.884705,25.927368",38000,493,239
1484705271,2017-01-18T02:07:51Z,BAW32,"58.956802,26.168701",38000,490,240
1484705210,2017-01-18T02:06:50Z,BAW32,"59.024189,26.396643",38025,491,240
1484705147,2017-01-18T02:05:47Z,BAW32,"59.095692,26.640804",38000,491,240
1484705086,2017-01-18T02:04:46Z,BAW32,"59.163483,26.874664",38000,492,240
1484705023,2017-01-18T02:03:43Z,BAW32,"59.233429,27.118835",38000,486,240
1484704962,2017-01-18T02:02:42Z,BAW32,"59.298798,27.349516",38000,488,240
1484704901,2017-01-18T02:01:41Z,BAW32,"59.358032,27.589325",38000,486,249
1484704838,2017-01-18T02:00:38Z,BAW32,"59.408615,27.850616",38000,487,249
1484704777,2017-01-18T01:59:37Z,BAW32,"59.455399,28.101929",38000,480,254
1484704715,2017-01-18T01:58:35Z,BAW32,"59.48378,28.367798",38000,474,258
1484704654,2017-01-18T01:57:34Z,BAW32,"59.509171,28.623837",38000,475,259
1484704591,2017-01-18T01:56:31Z,BAW32,"59.535233,28.895325",38000,474,259
1484704527,2017-01-18T01:55:27Z,BAW32,"59.560188,29.160841",38000,472,259
1484704466,2017-01-18T01:54:26Z,BAW32,"59.583801,29.41745",38000,473,259
1484704403,2017-01-18T01:53:23Z,BAW32,"59.607952,29.687237",38000,474,260
1484704339,2017-01-18T01:52:19Z,BAW32,"59.631649,29.957254",38000,473,260
1484704276,2017-01-18T01:51:16Z,BAW32,"59.654526,30.225586",38000,472,260
1484704212,2017-01-18T01:50:12Z,BAW32,"59.677177,30.4953",38000,470,260
1484704151,2017-01-18T01:49:11Z,BAW32,"59.698059,30.750275",38000,467,260
1484704088,2017-01-18T01:48:08Z,BAW32,"59.719574,31.020905",38000,464,261
1484704027,2017-01-18T01:47:07Z,BAW32,"59.73909,31.272394",38000,462,261
1484703964,2017-01-18T01:46:04Z,BAW32,"59.759525,31.541937",38000,463,261
1484703903,2017-01-18T01:45:03Z,BAW32,"59.777729,31.790739",38000,465,261
1484703840,2017-01-18T01:44:00Z,BAW32,"59.796936,32.058472",38000,468,261
1484703779,2017-01-18T01:42:59Z,BAW32,"59.814926,32.314636",38000,468,263
1484703717,2017-01-18T01:41:57Z,BAW32,"59.829819,32.579105",38000,469,263
1484703656,2017-01-18T01:40:56Z,BAW32,"59.844254,32.844387",38000,471,264
1484703595,2017-01-18T01:39:55Z,BAW32,"59.857681,33.104919",38000,470,264
1484703531,2017-01-18T01:38:51Z,BAW32,"59.871532,33.379116",38000,468,264
1484703470,2017-01-18T01:37:50Z,BAW32,"59.884369,33.647461",38000,465,264
1484703408,2017-01-18T01:36:48Z,BAW32,"59.896042,33.902618",38000,468,264
1484703347,2017-01-18T01:35:47Z,BAW32,"59.907658,34.165302",38000,465,265
1484703286,2017-01-18T01:34:46Z,BAW32,"59.918518,34.426208",38000,463,265
1484703225,2017-01-18T01:33:45Z,BAW32,"59.929184,34.692444",38000,463,265
1484703161,2017-01-18T01:32:41Z,BAW32,"59.939117,34.954376",38000,464,265
1484703099,2017-01-18T01:31:39Z,BAW32,"59.94841,35.214569",38000,465,265
1484703037,2017-01-18T01:30:37Z,BAW32,"59.957375,35.480247",38000,467,266
1484702948,2017-01-18T01:29:08Z,BAW32,"59.970596,35.873695",38000,469,264
1484702905,2017-01-18T01:28:25Z,BAW32,"59.979309,36.049171",38000,468,264
1484702844,2017-01-18T01:27:24Z,BAW32,"59.987228,36.310192",38000,468,266
1484702783,2017-01-18T01:26:23Z,BAW32,"59.993958,36.573486",38000,468,267
1484702720,2017-01-18T01:25:20Z,BAW32,"60.00032,36.847767",38000,468,267
1484702659,2017-01-18T01:24:19Z,BAW32,"60.005928,37.110737",38000,470,267
1484702598,2017-01-18T01:23:18Z,BAW32,"60.010941,37.374638",38000,471,268
1484702537,2017-01-18T01:22:17Z,BAW32,"60.01561,37.638309",38000,470,267
1484702462,2017-01-18T01:21:02Z,BAW32,"60.010574,37.964108",38000,471,273
1484702401,2017-01-18T01:20:01Z,BAW32,"60.001511,38.225792",38000,472,274
1484702338,2017-01-18T01:18:58Z,BAW32,"59.991497,38.500507",38000,469,274
1484702275,2017-01-18T01:17:55Z,BAW32,"59.980976,38.772911",38000,470,274
1484702211,2017-01-18T01:16:51Z,BAW32,"59.969803,39.047176",38000,471,274
1484702150,2017-01-18T01:15:50Z,BAW32,"59.958664,39.306526",38000,467,275
1484702087,2017-01-18T01:14:47Z,BAW32,"59.946533,39.580902",38000,468,275
1484702026,2017-01-18T01:13:46Z,BAW32,"59.934769,39.838074",38000,470,275
1484701963,2017-01-18T01:12:43Z,BAW32,"59.92186,40.111084",38000,468,275
1484701900,2017-01-18T01:11:40Z,BAW32,"59.90868,40.383755",38000,469,275
1484701839,2017-01-18T01:10:39Z,BAW32,"59.894482,40.642311",38000,467,276
1484701778,2017-01-18T01:09:38Z,BAW32,"59.879288,40.900085",38000,463,276
1484701715,2017-01-18T01:08:35Z,BAW32,"59.8629,41.169159",38000,464,276
1484701654,2017-01-18T01:07:34Z,BAW32,"59.847183,41.425751",38000,467,277
1484701593,2017-01-18T01:06:33Z,BAW32,"59.834057,41.682697",38000,469,270
1484701532,2017-01-18T01:05:32Z,BAW32,"59.840668,41.945328",38000,471,266
1484701469,2017-01-18T01:04:29Z,BAW32,"59.848347,42.219891",38000,470,266
1484701408,2017-01-18T01:03:28Z,BAW32,"59.855072,42.479828",38000,470,267
1484701347,2017-01-18T01:02:27Z,BAW32,"59.861298,42.74231",38000,470,267
1484701286,2017-01-18T01:01:26Z,BAW32,"59.867111,43.005249",38000,468,267
1484701223,2017-01-18T01:00:23Z,BAW32,"59.872463,43.276756",38000,467,267
1484701135,2017-01-18T00:58:55Z,BAW32,"59.87912,43.655594",38000,468,268
1484701077,2017-01-18T00:57:57Z,BAW32,"59.882797,43.901272",38000,466,268
1484701016,2017-01-18T00:56:56Z,BAW32,"59.886108,44.158813",38000,466,268
1484700953,2017-01-18T00:55:53Z,BAW32,"59.889359,44.449677",38000,467,268
1484700647,2017-01-18T00:50:47Z,BAW32,"59.896774,45.736816",38000,468,270
1484700583,2017-01-18T00:49:43Z,BAW32,"59.89732,46.010647",38000,470,270
1484700520,2017-01-18T00:48:40Z,BAW32,"59.887032,46.283413",38000,466,274
1484700459,2017-01-18T00:47:39Z,BAW32,"59.875629,46.539413",38000,465,275
1484700396,2017-01-18T00:46:36Z,BAW32,"59.862965,46.810093",38000,467,275
1484700335,2017-01-18T00:45:35Z,BAW32,"59.850449,47.066895",38000,464,275
1484700274,2017-01-18T00:44:34Z,BAW32,"59.837357,47.324799",38000,463,275
1484700211,2017-01-18T00:43:31Z,BAW32,"59.823116,47.594952",38000,464,276
1484700150,2017-01-18T00:42:30Z,BAW32,"59.809246,47.848301",38000,462,276
1484700087,2017-01-18T00:41:27Z,BAW32,"59.793961,48.11673",38000,460,276
1484700026,2017-01-18T00:40:26Z,BAW32,"59.779037,48.370514",38000,460,276
1484699965,2017-01-18T00:39:25Z,BAW32,"59.763718,48.622364",38000,459,277
1484699902,2017-01-18T00:38:22Z,BAW32,"59.747131,48.88623",38000,458,277
1484699841,2017-01-18T00:37:21Z,BAW32,"59.730698,49.139282",38000,460,277
1484699778,2017-01-18T00:36:18Z,BAW32,"59.712929,49.404572",38000,463,277
1484699717,2017-01-18T00:35:17Z,BAW32,"59.695469,49.657635",38000,464,277
1484699654,2017-01-18T00:34:14Z,BAW32,"59.676525,49.924149",38000,463,278
1484699593,2017-01-18T00:33:13Z,BAW32,"59.657913,50.17868",38000,462,278
1484699530,2017-01-18T00:32:10Z,BAW32,"59.637886,50.44524",38000,461,278
1484699468,2017-01-18T00:31:08Z,BAW32,"59.618473,50.69944",38000,459,279
1484699407,2017-01-18T00:30:07Z,BAW32,"59.602707,50.948456",38000,459,273
1484699346,2017-01-18T00:29:06Z,BAW32,"59.59346,51.201874",38000,460,274
1484699283,2017-01-18T00:28:03Z,BAW32,"59.583187,51.468578",38000,461,274
1484699222,2017-01-18T00:27:02Z,BAW32,"59.572853,51.723915",38000,461,274
1484699159,2017-01-18T00:25:59Z,BAW32,"59.561588,51.987022",38000,459,274
1484699098,2017-01-18T00:24:58Z,BAW32,"59.550522,52.238617",38000,459,275
1484699037,2017-01-18T00:23:57Z,BAW32,"59.538776,52.493622",38000,461,275
1484698976,2017-01-18T00:22:56Z,BAW32,"59.526672,52.746368",38000,459,275
1484698914,2017-01-18T00:21:54Z,BAW32,"59.514149,53.00174",38000,461,275
1484698853,2017-01-18T00:20:53Z,BAW32,"59.502914,53.256958",38000,459,272
1484698790,2017-01-18T00:19:50Z,BAW32,"59.496506,53.522552",38000,456,272
1484698728,2017-01-18T00:18:48Z,BAW32,"59.489944,53.773911",38000,453,273
1484698665,2017-01-18T00:17:45Z,BAW32,"59.482498,54.0396",38000,455,273
1484698591,2017-01-18T00:16:31Z,BAW32,"59.473415,54.339043",38000,454,273
1484698529,2017-01-18T00:15:29Z,BAW32,"59.4645,54.6124",38000,455,274
1484698421,2017-01-18T00:13:41Z,BAW32,"59.449356,55.043701",38000,454,274
1484698367,2017-01-18T00:12:47Z,BAW32,"59.441063,55.263031",38000,453,274
1484698305,2017-01-18T00:11:45Z,BAW32,"59.430801,55.521801",38000,454,275
1484698240,2017-01-18T00:10:40Z,BAW32,"59.419998,55.7817",38000,454,275
1484698175,2017-01-18T00:09:35Z,BAW32,"59.408298,56.049",38000,452,275
1484698110,2017-01-18T00:08:30Z,BAW32,"59.396099,56.316101",38000,450,275
1484698045,2017-01-18T00:07:25Z,BAW32,"59.383801,56.574402",38000,448,276
1484697980,2017-01-18T00:06:20Z,BAW32,"59.370602,56.8424",38000,450,275
1484697915,2017-01-18T00:05:15Z,BAW32,"59.3573,57.098099",38000,452,277
1484697850,2017-01-18T00:04:10Z,BAW32,"59.340199,57.3619",38000,452,277
1484697785,2017-01-18T00:03:05Z,BAW32,"59.322102,57.6329",38000,451,278
1484697724,2017-01-18T00:02:04Z,BAW32,"59.306107,57.865936",38000,453,277
1484697658,2017-01-18T00:00:58Z,BAW32,"59.287346,58.132828",38000,455,277
1484697597,2017-01-17T23:59:57Z,BAW32,"59.269749,58.37936",38000,455,278
1484697536,2017-01-17T23:58:56Z,BAW32,"59.251602,58.625977",38000,453,278
1484697473,2017-01-17T23:57:53Z,BAW32,"59.23201,58.885162",38000,451,278
1484697412,2017-01-17T23:56:52Z,BAW32,"59.21347,59.124207",38000,451,278
1484697349,2017-01-17T23:55:49Z,BAW32,"59.192753,59.383945",38000,448,278
1484697288,2017-01-17T23:54:48Z,BAW32,"59.173645,59.618591",38000,446,279
1484697225,2017-01-17T23:53:45Z,BAW32,"59.152634,59.87027",38000,447,279
1484697162,2017-01-17T23:52:42Z,BAW32,"59.131302,60.119293",38000,448,279
1484697101,2017-01-17T23:51:41Z,BAW32,"59.110199,60.360077",38000,447,279
1484697038,2017-01-17T23:50:38Z,BAW32,"59.087406,60.61451",38000,447,279
1484696977,2017-01-17T23:49:37Z,BAW32,"59.065712,60.850807",38000,446,280
1484696916,2017-01-17T23:48:36Z,BAW32,"59.043091,61.092682",38000,447,280
1484696855,2017-01-17T23:47:35Z,BAW32,"59.020416,61.331272",38000,449,280
1484696794,2017-01-17T23:46:34Z,BAW32,"58.99791,61.569122",38000,446,282
1484696731,2017-01-17T23:45:31Z,BAW32,"58.96907,61.817596",38000,449,282
1484696670,2017-01-17T23:44:30Z,BAW32,"58.94072,62.057125",38000,451,283
1484696607,2017-01-17T23:43:27Z,BAW32,"58.911026,62.303558",38000,448,283
1484696546,2017-01-17T23:42:26Z,BAW32,"58.882187,62.538574",38000,447,283
1484696474,2017-01-17T23:41:14Z,BAW32,"58.846359,62.825958",38000,446,283
1484696411,2017-01-17T23:40:11Z,BAW32,"58.816097,63.063721",38000,446,283
1484696350,2017-01-17T23:39:10Z,BAW32,"58.786148,63.29578",38000,445,284
1484696289,2017-01-17T23:38:09Z,BAW32,"58.755615,63.528088",38000,446,284
1484696226,2017-01-17T23:37:06Z,BAW32,"58.721786,63.771294",38000,448,283
1484696165,2017-01-17T23:36:05Z,BAW32,"58.695465,64.007233",38000,446,282
1484696102,2017-01-17T23:35:02Z,BAW32,"58.668137,64.250885",38000,448,282
1484696041,2017-01-17T23:34:01Z,BAW32,"58.641251,64.485718",38000,449,282
1484695978,2017-01-17T23:32:58Z,BAW32,"58.612747,64.730911",38000,446,282
1484695917,2017-01-17T23:31:57Z,BAW32,"58.585236,64.962959",38000,446,282
1484695854,2017-01-17T23:30:54Z,BAW32,"58.555687,65.208344",38000,448,283
1484695790,2017-01-17T23:29:50Z,BAW32,"58.525406,65.455124",38000,448,283
1484695729,2017-01-17T23:28:49Z,BAW32,"58.496246,65.689293",38000,448,283
1484695666,2017-01-17T23:27:46Z,BAW32,"58.465805,65.929489",38000,447,283
1484695605,2017-01-17T23:26:45Z,BAW32,"58.435822,66.162506",38000,446,283
1484695542,2017-01-17T23:25:42Z,BAW32,"58.40416,66.404663",38000,448,284
1484695481,2017-01-17T23:24:41Z,BAW32,"58.373432,66.636475",38000,449,284
1484695420,2017-01-17T23:23:40Z,BAW32,"58.342484,66.866692",38000,450,284
1484695357,2017-01-17T23:22:37Z,BAW32,"58.309204,67.109894",38000,447,284
1484695296,2017-01-17T23:21:36Z,BAW32,"58.277119,67.340973",38000,448,284
1484695235,2017-01-17T23:20:35Z,BAW32,"58.244522,67.572472",38000,450,285
1484695174,2017-01-17T23:19:34Z,BAW32,"58.211617,67.802399",38000,447,285
1484695112,2017-01-17T23:18:32Z,BAW32,"58.177681,68.035492",38000,445,285
1484695049,2017-01-17T23:17:29Z,BAW32,"58.142624,68.274712",38000,446,284
1484694985,2017-01-17T23:16:25Z,BAW32,"58.108566,68.516411",38000,447,285
1484694924,2017-01-17T23:15:24Z,BAW32,"58.076157,68.743401",38000,446,285
1484694863,2017-01-17T23:14:23Z,BAW32,"58.04306,68.97155",38000,447,285
1484694800,2017-01-17T23:13:20Z,BAW32,"58.008091,69.209656",38000,446,285
1484694736,2017-01-17T23:12:16Z,BAW32,"57.972336,69.449188",38000,444,285
1484694672,2017-01-17T23:11:12Z,BAW32,"57.936821,69.68399",38000,445,286
1484694611,2017-01-17T23:10:11Z,BAW32,"57.901768,69.91214",38000,444,286
1484694550,2017-01-17T23:09:10Z,BAW32,"57.867039,70.135345",38000,443,286
1484694447,2017-01-17T23:07:27Z,BAW32,"57.806892,70.514923",38000,443,286
1484694401,2017-01-17T23:06:41Z,BAW32,"57.780033,70.682007",38000,443,286
1484694338,2017-01-17T23:05:38Z,BAW32,"57.741943,70.915329",38000,443,287
1484694277,2017-01-17T23:04:37Z,BAW32,"57.70578,71.132957",38000,442,286
1484694214,2017-01-17T23:03:34Z,BAW32,"57.669704,71.364441",38000,439,286
1484694153,2017-01-17T23:02:33Z,BAW32,"57.634827,71.585281",38000,440,286
1484694090,2017-01-17T23:01:30Z,BAW32,"57.597965,71.815231",38000,439,286
1484694029,2017-01-17T23:00:29Z,BAW32,"57.5625,72.03392",38000,440,286
1484693966,2017-01-17T22:59:26Z,BAW32,"57.524826,72.263344",38000,440,287
1484693905,2017-01-17T22:58:25Z,BAW32,"57.488522,72.481056",38000,437,287
1484693844,2017-01-17T22:57:24Z,BAW32,"57.452351,72.695824",38000,436,287
1484693781,2017-01-17T22:56:21Z,BAW32,"57.413433,72.923965",38000,437,287
1484693720,2017-01-17T22:55:20Z,BAW32,"57.37587,73.141479",38000,440,287
1484693659,2017-01-17T22:54:19Z,BAW32,"57.338112,73.357307",38000,439,288
1484693598,2017-01-17T22:53:18Z,BAW32,"57.299789,73.573639",38000,439,288
1484693537,2017-01-17T22:52:17Z,BAW32,"57.261162,73.791267",38000,441,288
1484693474,2017-01-17T22:51:14Z,BAW32,"57.220551,74.017639",38000,440,288
1484693413,2017-01-17T22:50:13Z,BAW32,"57.181091,74.23497",38000,442,288
1484693217,2017-01-17T22:46:57Z,BAW32,"57.051178,74.933105",38000,441,289
1484693155,2017-01-17T22:45:55Z,BAW32,"57.009247,75.153694",38000,440,289
1484693100,2017-01-17T22:45:00Z,BAW32,"56.97221,75.345482",38000,440,289
1484693038,2017-01-17T22:43:58Z,BAW32,"56.931244,75.556152",38000,437,289
1484692977,2017-01-17T22:42:57Z,BAW32,"56.889221,75.769875",38000,438,289
1484692916,2017-01-17T22:41:56Z,BAW32,"56.847218,75.981094",38000,439,290
1484692854,2017-01-17T22:40:54Z,BAW32,"56.804436,76.193642",38000,439,290
1484692793,2017-01-17T22:39:53Z,BAW32,"56.761284,76.406105",38000,437,290
1484692732,2017-01-17T22:38:52Z,BAW32,"56.718155,76.616165",38000,438,290
1484692668,2017-01-17T22:37:48Z,BAW32,"56.672653,76.835289",38000,436,290
1484692606,2017-01-17T22:36:46Z,BAW32,"56.628284,77.046768",38000,434,290
1484692431,2017-01-17T22:33:51Z,BAW32,"56.499023,77.645454",38000,435,291
1484692416,2017-01-17T22:33:36Z,BAW32,"56.488495,77.692902",38000,435,291
1484692355,2017-01-17T22:32:35Z,BAW32,"56.443611,77.893753",38000,436,292
1484692290,2017-01-17T22:31:30Z,BAW32,"56.393612,78.115799",38000,434,292
1484692229,2017-01-17T22:30:29Z,BAW32,"56.348366,78.315697",38000,434,293
1484692168,2017-01-17T22:29:28Z,BAW32,"56.300415,78.516457",38000,434,293
1484692103,2017-01-17T22:28:23Z,BAW32,"56.245697,78.74334",38000,433,293
1484692042,2017-01-17T22:27:22Z,BAW32,"56.199818,78.931702",38000,434,293
1484691977,2017-01-17T22:26:17Z,BAW32,"56.144531,79.156578",38000,432,293
1484691916,2017-01-17T22:25:16Z,BAW32,"56.097309,79.346863",38000,432,294
1484691851,2017-01-17T22:24:11Z,BAW32,"56.044193,79.558952",38000,432,294
1484691785,2017-01-17T22:23:05Z,BAW32,"55.990173,79.772728",38000,432,294
1484691724,2017-01-17T22:22:04Z,BAW32,"55.940056,79.968964",38000,433,294
1484691659,2017-01-17T22:20:59Z,BAW32,"55.885757,80.179634",38000,432,294
1484691598,2017-01-17T22:19:58Z,BAW32,"55.833939,80.379059",38000,433,294
1484691533,2017-01-17T22:18:53Z,BAW32,"55.779312,80.587204",38000,432,295
1484691472,2017-01-17T22:17:52Z,BAW32,"55.728058,80.780838",38000,428,295
1484691411,2017-01-17T22:16:51Z,BAW32,"55.676834,80.972649",38000,429,295
1484691346,2017-01-17T22:15:46Z,BAW32,"55.619614,81.184967",38000,426,295
1484691280,2017-01-17T22:14:40Z,BAW32,"55.565357,81.385178",38000,425,295
1484691219,2017-01-17T22:13:39Z,BAW32,"55.513275,81.575401",38000,422,295
1484691154,2017-01-17T22:12:34Z,BAW32,"55.457912,81.775879",38000,422,296
1484691093,2017-01-17T22:11:33Z,BAW32,"55.40625,81.961639",38000,420,296
1484691032,2017-01-17T22:10:32Z,BAW32,"55.354156,82.146797",38000,421,296
1484690967,2017-01-17T22:09:27Z,BAW32,"55.297356,82.349518",38000,421,296
1484690902,2017-01-17T22:08:22Z,BAW32,"55.228085,82.533539",38000,423,306
1484690837,2017-01-17T22:07:17Z,BAW32,"55.154346,82.711823",38000,422,305
1484690772,2017-01-17T22:06:12Z,BAW32,"55.07991,82.891602",38000,422,301
1484690707,2017-01-17T22:05:07Z,BAW32,"55.020741,83.08802",38000,421,297
1484690642,2017-01-17T22:04:02Z,BAW32,"54.963345,83.282028",38000,420,297
1484690577,2017-01-17T22:02:57Z,BAW32,"54.905548,83.475815",38000,421,297
1484690512,2017-01-17T22:01:52Z,BAW32,"54.847,83.670502",38000,419,297
1484690447,2017-01-17T22:00:47Z,BAW32,"54.78891,83.862038",38000,416,297
1484690382,2017-01-17T21:59:42Z,BAW32,"54.730316,84.05365",38000,417,298
1484690317,2017-01-17T21:58:37Z,BAW32,"54.670856,84.246574",38000,419,298
1484690252,2017-01-17T21:57:32Z,BAW32,"54.611778,84.437004",38000,424,298
1484690187,2017-01-17T21:56:27Z,BAW32,"54.550842,84.631516",38000,425,298
1484690122,2017-01-17T21:55:22Z,BAW32,"54.490219,84.823502",38000,424,298
1484690057,2017-01-17T21:54:17Z,BAW32,"54.429577,85.014122",38000,418,298
1484689992,2017-01-17T21:53:12Z,BAW32,"54.369324,85.201965",38000,416,298
1484689927,2017-01-17T21:52:07Z,BAW32,"54.308716,85.389458",38000,416,299
1484689862,2017-01-17T21:51:02Z,BAW32,"54.248108,85.575493",38000,415,299
1484689797,2017-01-17T21:49:57Z,BAW32,"54.18713,85.761299",38000,414,299
1484689732,2017-01-17T21:48:52Z,BAW32,"54.126526,85.944473",38000,413,299
1484689667,2017-01-17T21:47:47Z,BAW32,"54.064049,86.132004",38000,416,299
1484689602,2017-01-17T21:46:42Z,BAW32,"54.002876,86.314331",38000,417,299
1484689537,2017-01-17T21:45:37Z,BAW32,"53.941151,86.496979",38000,418,300
1484689472,2017-01-17T21:44:32Z,BAW32,"53.87756,86.681641",38000,414,300
1484689407,2017-01-17T21:43:27Z,BAW32,"53.810291,86.863564",38000,412,308
1484689342,2017-01-17T21:42:22Z,BAW32,"53.72493,87.007164",38000,412,318
1484689280,2017-01-17T21:41:20Z,BAW32,"53.637726,87.137749",38000,414,318
1484689219,2017-01-17T21:40:19Z,BAW32,"53.550018,87.26844",38000,411,318
1484689158,2017-01-17T21:39:18Z,BAW32,"53.464325,87.395302",38000,410,318
1484689095,2017-01-17T21:38:15Z,BAW32,"53.373772,87.528641",38000,411,318
1484689031,2017-01-17T21:37:11Z,BAW32,"53.281677,87.663445",38000,408,318
1484688970,2017-01-17T21:36:10Z,BAW32,"53.196533,87.787354",38000,406,318
1484688907,2017-01-17T21:35:07Z,BAW32,"53.106792,87.917282",38000,407,319
1484688846,2017-01-17T21:34:06Z,BAW32,"53.020393,88.041611",38000,409,319
1484688785,2017-01-17T21:33:05Z,BAW32,"52.934319,88.164734",38000,407,319
1484688722,2017-01-17T21:32:02Z,BAW32,"52.842957,88.29483",38000,408,319
1484688661,2017-01-17T21:31:01Z,BAW32,"52.756851,88.416748",38000,409,319
1484688598,2017-01-17T21:29:58Z,BAW32,"52.665524,88.54525",38000,408,319
1484688537,2017-01-17T21:28:57Z,BAW32,"52.578239,88.667358",38000,408,320
1484688474,2017-01-17T21:27:54Z,BAW32,"52.486496,88.793182",38000,412,318
1484688413,2017-01-17T21:26:53Z,BAW32,"52.399899,88.921532",38000,414,317
1484688352,2017-01-17T21:25:52Z,BAW32,"52.314194,89.048157",38000,414,317
1484688289,2017-01-17T21:24:49Z,BAW32,"52.22374,89.180984",38000,418,318
1484688228,2017-01-17T21:23:48Z,BAW32,"52.136459,89.308411",38000,422,318
1484688167,2017-01-17T21:22:47Z,BAW32,"52.046951,89.438477",38000,424,318
1484688104,2017-01-17T21:21:44Z,BAW32,"51.953182,89.573891",38000,428,318
1484688043,2017-01-17T21:20:43Z,BAW32,"51.864166,89.701881",38000,430,318
1484687980,2017-01-17T21:19:40Z,BAW32,"51.769226,89.837433",38000,429,318
1484687919,2017-01-17T21:18:39Z,BAW32,"51.679138,89.965256",38000,426,318
1484687858,2017-01-17T21:17:38Z,BAW32,"51.590355,90.090714",38000,421,318
1484687797,2017-01-17T21:16:37Z,BAW32,"51.501617,90.215271",38000,420,318
1484687736,2017-01-17T21:15:36Z,BAW32,"51.412262,90.339981",38000,421,319
1484687673,2017-01-17T21:14:33Z,BAW32,"51.319748,90.469223",38000,418,318
1484687612,2017-01-17T21:13:32Z,BAW32,"51.230366,90.591354",38000,417,320
1484687551,2017-01-17T21:12:31Z,BAW32,"51.138752,90.70961",38000,418,320
1484687463,2017-01-17T21:11:03Z,BAW32,"51.002518,90.884476",37225,420,321
1484687390,2017-01-17T21:09:50Z,BAW32,"50.896362,91.019943",36450,414,321
1484687363,2017-01-17T21:09:23Z,BAW32,"50.853291,91.074448",36025,413,321
1484687275,2017-01-17T21:07:55Z,BAW32,"50.725204,91.236183",36000,414,321
1484687223,2017-01-17T21:07:03Z,BAW32,"50.644505,91.338028",36000,416,321
1484687165,2017-01-17T21:06:05Z,BAW32,"50.558849,91.443962",36000,417,322
1484678993,2017-01-17T18:49:53Z,BAW32,"37.278801,104.099403",36100,439,339
1484678927,2017-01-17T18:48:47Z,BAW32,"37.148254,104.141914",36100,455,352
1484678865,2017-01-17T18:47:45Z,BAW32,"37.015362,104.151703",36100,465,357
1484678802,2017-01-17T18:46:42Z,BAW32,"36.879181,104.158218",36075,465,357
1484678740,2017-01-17T18:45:40Z,BAW32,"36.745789,104.164642",36100,463,357
1484678677,2017-01-17T18:44:37Z,BAW32,"36.61235,104.171104",36100,458,357
1484678583,2017-01-17T18:43:03Z,BAW32,"36.413254,104.180779",36100,458,357
1484678529,2017-01-17T18:42:09Z,BAW32,"36.299248,104.186333",36125,460,357
1484678467,2017-01-17T18:41:07Z,BAW32,"36.165501,104.193108",36100,472,357
1484678405,2017-01-17T18:40:05Z,BAW32,"36.022888,104.200401",36100,470,357
1484678344,2017-01-17T18:39:04Z,BAW32,"35.900528,104.206985",36100,463,357
1484678281,2017-01-17T18:38:01Z,BAW32,"35.758987,104.214249",36100,465,357
1484678219,2017-01-17T18:36:59Z,BAW32,"35.629257,104.220718",36100,464,357
1484678157,2017-01-17T18:35:57Z,BAW32,"35.498749,104.227066",36100,461,357
1484678094,2017-01-17T18:34:54Z,BAW32,"35.362522,104.233955",36100,460,357
1484678031,2017-01-17T18:33:51Z,BAW32,"35.229664,104.240501",36100,464,357
1484677969,2017-01-17T18:32:49Z,BAW32,"35.094334,104.246811",36125,472,358
1484677908,2017-01-17T18:31:48Z,BAW32,"34.958355,104.254135",36100,478,356
1484677845,2017-01-17T18:30:45Z,BAW32,"34.820618,104.263283",36125,479,356
1484677783,2017-01-17T18:29:43Z,BAW32,"34.684258,104.272324",36100,480,356
1484676963,2017-01-17T18:16:03Z,BAW32,"32.887619,104.354736",34100,466,357
1484676945,2017-01-17T18:15:45Z,BAW32,"32.847702,104.356712",34100,467,357
1484676879,2017-01-17T18:14:39Z,BAW32,"32.70816,104.363449",34100,468,357
1484676789,2017-01-17T18:13:09Z,BAW32,"32.510834,104.373032",34100,470,357
1484676771,2017-01-17T18:12:51Z,BAW32,"32.471649,104.374893",34100,470,357
1484676710,2017-01-17T18:11:50Z,BAW32,"32.341095,104.38121",34100,470,357
1484676649,2017-01-17T18:10:49Z,BAW32,"32.209213,104.38755",34100,468,357
1484676586,2017-01-17T18:09:46Z,BAW32,"32.070999,104.394218",34100,471,357
1484676525,2017-01-17T18:08:45Z,BAW32,"31.937721,104.400551",34100,470,357
1484676464,2017-01-17T18:07:44Z,BAW32,"31.808073,104.406776",34125,463,357
1484676403,2017-01-17T18:06:43Z,BAW32,"31.678425,104.413017",34100,459,357
1484676340,2017-01-17T18:05:40Z,BAW32,"31.543121,104.419395",34100,455,357
1484676279,2017-01-17T18:04:39Z,BAW32,"31.415359,104.425491",34100,455,357
1484676218,2017-01-17T18:03:38Z,BAW32,"31.286911,104.432053",34100,455,357
1484676157,2017-01-17T18:02:37Z,BAW32,"31.15704,104.437187",34100,467,358
1484676096,2017-01-17T18:01:36Z,BAW32,"31.024553,104.442406",34100,472,358
1484676034,2017-01-17T18:00:34Z,BAW32,"30.886917,104.458061",34100,450,348
1484675972,2017-01-17T17:59:32Z,BAW32,"30.771149,104.500122",34100,426,337
1484675911,2017-01-17T17:58:31Z,BAW32,"30.660141,104.552307",34100,424,337
1484675850,2017-01-17T17:57:30Z,BAW32,"30.549271,104.604279",34100,424,338
1484675789,2017-01-17T17:56:29Z,BAW32,"30.431671,104.658775",34100,424,336
1484675724,2017-01-17T17:55:24Z,BAW32,"30.316866,104.705917",34100,445,347
1484675660,2017-01-17T17:54:20Z,BAW32,"30.180794,104.729317",34100,472,353
1484675654,2017-01-17T17:54:14Z,BAW32,"30.167572,104.731071",34100,470,352
1484675648,2017-01-17T17:54:08Z,BAW32,"30.153992,104.733261",34125,464,350
1484675642,2017-01-17T17:54:02Z,BAW32,"30.141876,104.735794",34100,457,348
1484675609,2017-01-17T17:53:29Z,BAW32,"30.077726,104.761505",34100,432,338
1484675548,2017-01-17T17:52:28Z,BAW32,"29.963953,104.814018",34100,436,338
1484675487,2017-01-17T17:51:27Z,BAW32,"29.848131,104.867622",34100,435,338
1484675424,2017-01-17T17:50:24Z,BAW32,"29.727747,104.923149",34100,438,338
1484675363,2017-01-17T17:49:23Z,BAW32,"29.615789,104.974472",34100,441,338
1484675302,2017-01-17T17:48:22Z,BAW32,"29.500805,105.027306",34100,438,338
1484675241,2017-01-17T17:47:21Z,BAW32,"29.385086,105.080109",34100,441,338
1484675180,2017-01-17T17:46:20Z,BAW32,"29.270233,105.132614",34100,437,338
1484675077,2017-01-17T17:44:37Z,BAW32,"29.072849,105.222366",34100,436,338
1484674994,2017-01-17T17:43:14Z,BAW32,"28.916994,105.292969",34100,442,338
1484674952,2017-01-17T17:42:32Z,BAW32,"28.83902,105.328255",34100,443,338
1484674891,2017-01-17T17:41:31Z,BAW32,"28.722244,105.380699",34100,451,338
1484674828,2017-01-17T17:40:28Z,BAW32,"28.59853,105.436333",34100,448,338
1484674767,2017-01-17T17:39:27Z,BAW32,"28.482243,105.488571",34100,445,338
1484674679,2017-01-17T17:37:59Z,BAW32,"28.311722,105.564934",34100,445,338
1484674636,2017-01-17T17:37:16Z,BAW32,"28.230423,105.601112",34100,446,338
1484674572,2017-01-17T17:36:12Z,BAW32,"28.107542,105.655464",34125,447,338
1484674511,2017-01-17T17:35:11Z,BAW32,"27.990051,105.707382",34100,449,338
1484674444,2017-01-17T17:34:04Z,BAW32,"27.857418,105.765594",34100,456,340
1484674438,2017-01-17T17:33:58Z,BAW32,"27.846384,105.76992",34100,456,340
1484674430,2017-01-17T17:33:50Z,BAW32,"27.827904,105.777321",34125,454,339
1484674423,2017-01-17T17:33:43Z,BAW32,"27.816559,105.782433",34125,447,336
1484674417,2017-01-17T17:33:37Z,BAW32,"27.804886,105.78891",34100,437,330
1484674395,2017-01-17T17:33:15Z,BAW32,"27.770924,105.816559",34100,417,318
1484674332,2017-01-17T17:32:12Z,BAW32,"27.677912,105.908096",34100,415,318
1484674271,2017-01-17T17:31:11Z,BAW32,"27.588684,105.995682",34100,417,318
1484674177,2017-01-17T17:29:37Z,BAW32,"27.446316,106.134903",34100,418,318
1484674156,2017-01-17T17:29:16Z,BAW32,"27.421736,106.158989",34100,416,318
1484674093,2017-01-17T17:28:13Z,BAW32,"27.330185,106.248154",34100,416,319
1484674032,2017-01-17T17:27:12Z,BAW32,"27.241333,106.334183",34100,418,318
1484673969,2017-01-17T17:26:09Z,BAW32,"27.148613,106.425407",34100,415,318
1484673907,2017-01-17T17:25:07Z,BAW32,"27.060862,106.511658",34100,416,318
1484673846,2017-01-17T17:24:06Z,BAW32,"26.971762,106.599129",34100,417,318
1484673785,2017-01-17T17:23:05Z,BAW32,"26.883219,106.686226",34100,417,319
1484673722,2017-01-17T17:22:02Z,BAW32,"26.798401,106.782288",34075,401,307
1484673658,2017-01-17T17:20:58Z,BAW32,"26.738861,106.894119",34100,390,295
1484673596,2017-01-17T17:19:56Z,BAW32,"26.691696,107.005798",34100,391,295
1484673535,2017-01-17T17:18:55Z,BAW32,"26.644226,107.117943",34100,390,295
1484673474,2017-01-17T17:17:54Z,BAW32,"26.5979,107.227753",34100,387,295
1484673413,2017-01-17T17:16:53Z,BAW32,"26.550604,107.339386",34075,391,295
1484673350,2017-01-17T17:15:50Z,BAW32,"26.50145,107.455254",34100,390,295
1484673286,2017-01-17T17:14:46Z,BAW32,"26.452145,107.571152",34100,391,295
1484673225,2017-01-17T17:13:45Z,BAW32,"26.404709,107.682388",34100,392,295
1484673164,2017-01-17T17:12:44Z,BAW32,"26.357365,107.793098",34100,393,295
1484673101,2017-01-17T17:11:41Z,BAW32,"26.307554,107.909088",34100,395,295
1484673040,2017-01-17T17:10:40Z,BAW32,"26.259201,108.021515",34100,395,295
1484672979,2017-01-17T17:09:39Z,BAW32,"26.211143,108.132935",34100,397,295
1484672918,2017-01-17T17:08:38Z,BAW32,"26.162521,108.24575",34100,400,295
1484672830,2017-01-17T17:07:10Z,BAW32,"26.09304,108.412979",34100,396,288
1484672783,2017-01-17T17:06:23Z,BAW32,"26.069765,108.501503",34100,396,286
1484672722,2017-01-17T17:05:22Z,BAW32,"26.037689,108.624573",34100,397,286
1484672661,2017-01-17T17:04:21Z,BAW32,"26.007523,108.740242",34100,396,286
1484672600,2017-01-17T17:03:20Z,BAW32,"25.976149,108.859825",34100,398,286
1484672539,2017-01-17T17:02:19Z,BAW32,"25.944717,108.979294",34125,398,286
1484672478,2017-01-17T17:01:18Z,BAW32,"25.913269,109.098541",34100,399,286
1484672417,2017-01-17T17:00:17Z,BAW32,"25.881554,109.218254",34100,399,286
1484672354,2017-01-17T16:59:14Z,BAW32,"25.848129,109.343811",34100,400,286
1484672290,2017-01-17T16:58:10Z,BAW32,"25.814301,109.468895",34100,401,286
1484672226,2017-01-17T16:57:06Z,BAW32,"25.776993,109.594017",34100,406,293
1484672165,2017-01-17T16:56:05Z,BAW32,"25.71817,109.703117",34100,414,304
1484672102,2017-01-17T16:55:02Z,BAW32,"25.647263,109.815216",33800,417,304
1484672041,2017-01-17T16:54:01Z,BAW32,"25.579926,109.921364",32900,418,304
1484671980,2017-01-17T16:53:00Z,BAW32,"25.51268,110.027313",32100,416,305
1484671918,2017-01-17T16:51:58Z,BAW32,"25.441818,110.138649",32100,416,305
1484671850,2017-01-17T16:50:50Z,BAW32,"25.368164,110.254005",32100,416,305
1484671786,2017-01-17T16:49:46Z,BAW32,"25.297649,110.364197",32100,417,305
1484671723,2017-01-17T16:48:43Z,BAW32,"25.226332,110.475456",32100,421,305
1484671662,2017-01-17T16:47:42Z,BAW32,"25.158646,110.58075",32100,424,305
1484671599,2017-01-17T16:46:39Z,BAW32,"25.086777,110.692192",32100,426,305
1484671536,2017-01-17T16:45:36Z,BAW32,"25.013449,110.805824",32100,427,305
1484671473,2017-01-17T16:44:33Z,BAW32,"24.939896,110.919472",32100,429,305
1484671410,2017-01-17T16:43:30Z,BAW32,"24.868515,111.029457",32100,429,305
1484671349,2017-01-17T16:42:29Z,BAW32,"24.797865,111.138107",32100,428,305
1484671286,2017-01-17T16:41:26Z,BAW32,"24.725988,111.24839",32100,426,305
1484671223,2017-01-17T16:40:23Z,BAW32,"24.653553,111.359184",32100,427,305
1484671132,2017-01-17T16:38:52Z,BAW32,"24.546249,111.522621",32100,424,305
1484671049,2017-01-17T16:37:29Z,BAW32,"24.45195,111.666107",32100,427,306
1484671022,2017-01-17T16:37:02Z,BAW32,"24.420593,111.71183",32100,426,306
1484671016,2017-01-17T16:36:56Z,BAW32,"24.413437,111.722351",32100,424,303
1484671001,2017-01-17T16:36:41Z,BAW32,"24.394913,111.756798",32100,417,294
1484670938,2017-01-17T16:35:38Z,BAW32,"24.349777,111.870171",32100,414,293
1484670876,2017-01-17T16:34:36Z,BAW32,"24.301292,111.992088",32100,415,293
1484670814,2017-01-17T16:33:34Z,BAW32,"24.254883,112.108253",32100,415,293
1484670752,2017-01-17T16:32:32Z,BAW32,"24.204895,112.233223",32100,415,293
1484670690,2017-01-17T16:31:30Z,BAW32,"24.158478,112.348785",32100,416,293
1484670625,2017-01-17T16:30:25Z,BAW32,"24.107254,112.476143",32100,424,293
1484670563,2017-01-17T16:29:23Z,BAW32,"24.057358,112.599655",32125,424,293
1484670471,2017-01-17T16:27:51Z,BAW32,"23.985016,112.778282",31200,426,293
1484670453,2017-01-17T16:27:33Z,BAW32,"23.969925,112.815552",30825,427,293
1484670384,2017-01-17T16:26:24Z,BAW32,"23.915607,112.949043",30000,424,293
1484670320,2017-01-17T16:25:20Z,BAW32,"23.865509,113.0718",29250,419,293
1484670258,2017-01-17T16:24:18Z,BAW32,"23.815704,113.193611",28650,410,294
1484670197,2017-01-17T16:23:17Z,BAW32,"23.769424,113.306427",27850,407,294
1484670134,2017-01-17T16:22:14Z,BAW32,"23.720041,113.426476",26825,404,294
1484670067,2017-01-17T16:21:07Z,BAW32,"23.669159,113.548058",26600,403,292
1484670059,2017-01-17T16:20:59Z,BAW32,"23.662874,113.56443",26600,404,293
1484670052,2017-01-17T16:20:52Z,BAW32,"23.656906,113.578186",26600,408,297
1484670046,2017-01-17T16:20:46Z,BAW32,"23.652353,113.586975",26600,412,301
1484670040,2017-01-17T16:20:40Z,BAW32,"23.646349,113.597237",26600,416,304
1484670034,2017-01-17T16:20:34Z,BAW32,"23.639832,113.606873",26600,420,309
1484670028,2017-01-17T16:20:28Z,BAW32,"23.632477,113.616302",26600,422,312
1484670020,2017-01-17T16:20:20Z,BAW32,"23.61937,113.630371",26600,428,319
1484670013,2017-01-17T16:20:13Z,BAW32,"23.609802,113.63871",26600,432,323
1484670007,2017-01-17T16:20:07Z,BAW32,"23.600355,113.645691",26600,436,328
1484669966,2017-01-17T16:19:26Z,BAW32,"23.520239,113.681389",26600,447,339
1484669904,2017-01-17T16:18:24Z,BAW32,"23.401764,113.728127",26500,449,339
1484669842,2017-01-17T16:17:22Z,BAW32,"23.278959,113.776497",25525,442,339
1484669778,2017-01-17T16:16:18Z,BAW32,"23.15863,113.824051",24775,429,340
1484669715,2017-01-17T16:15:15Z,BAW32,"23.041496,113.876343",23400,424,334
1484669654,2017-01-17T16:14:14Z,BAW32,"22.936148,113.93148",22300,417,334
1484669591,2017-01-17T16:13:11Z,BAW32,"22.826471,113.988037",20900,412,334
1484669528,2017-01-17T16:12:08Z,BAW32,"22.718948,114.043327",19450,405,334
1484669465,2017-01-17T16:11:05Z,BAW32,"22.613773,114.097595",18075,394,334
1484669432,2017-01-17T16:10:32Z,BAW32,"22.55847,114.125618",17050,395,335
1484669399,2017-01-17T16:09:59Z,BAW32,"22.504562,114.155579",16175,389,332
1484669366,2017-01-17T16:09:26Z,BAW32,"22.451586,114.185791",15350,382,332
1484669332,2017-01-17T16:08:52Z,BAW32,"22.400471,114.215088",14550,375,331
1484669299,2017-01-17T16:08:19Z,BAW32,"22.351173,114.243164",13850,362,332
1484669266,2017-01-17T16:07:46Z,BAW32,"22.299866,114.272095",12200,378,332
1484669254,2017-01-17T16:07:34Z,BAW32,"22.280739,114.282631",11900,372,332
1484669242,2017-01-17T16:07:22Z,BAW32,"22.261932,114.293007",11575,369,332
1484669230,2017-01-17T16:07:10Z,BAW32,"22.244335,114.302826",11400,359,331
1484669215,2017-01-17T16:06:55Z,BAW32,"22.222961,114.315239",11250,347,331
1484669209,2017-01-17T16:06:49Z,BAW32,"22.214542,114.319969",11200,342,334
1484669186,2017-01-17T16:06:26Z,BAW32,"22.179016,114.327126",10925,333,4
1484669180,2017-01-17T16:06:20Z,BAW32,"22.168854,114.325478",10825,331,13
1484669174,2017-01-17T16:06:14Z,BAW32,"22.160751,114.323082",10750,329,19
1484669167,2017-01-17T16:06:07Z,BAW32,"22.148621,114.316742",10650,325,32
1484669161,2017-01-17T16:06:01Z,BAW32,"22.144226,114.313393",10600,323,38
1484669155,2017-01-17T16:05:55Z,BAW32,"22.137543,114.306801",10525,319,47
1484669149,2017-01-17T16:05:49Z,BAW32,"22.131592,114.298714",10425,317,56
1484669124,2017-01-17T16:05:24Z,BAW32,"22.122894,114.260406",9750,311,98
1484669111,2017-01-17T16:05:11Z,BAW32,"22.126511,114.242279",9425,304,103
1484669099,2017-01-17T16:04:59Z,BAW32,"22.1315,114.219963",8975,300,103
1484669086,2017-01-17T16:04:46Z,BAW32,"22.134518,114.206444",8800,300,103
1484669073,2017-01-17T16:04:33Z,BAW32,"22.139639,114.183502",8775,301,103
1484669060,2017-01-17T16:04:20Z,BAW32,"22.143127,114.167473",8750,302,102
1484669030,2017-01-17T16:03:50Z,BAW32,"22.152281,114.122932",8200,296,104
1484669014,2017-01-17T16:03:34Z,BAW32,"22.162081,114.101761",7700,290,132
1484668984,2017-01-17T16:03:04Z,BAW32,"22.197781,114.085693",6625,280,179
1484668969,2017-01-17T16:02:49Z,BAW32,"22.21538,114.085442",6225,274,179
1484668954,2017-01-17T16:02:34Z,BAW32,"22.23564,114.085129",5650,265,179
1484668939,2017-01-17T16:02:19Z,BAW32,"22.253321,114.084831",5400,252,179
1484668919,2017-01-17T16:01:59Z,BAW32,"22.2792,114.084633",5075,233,180
1484668909,2017-01-17T16:01:49Z,BAW32,"22.286421,114.084633",4875,232,180
1484668899,2017-01-17T16:01:39Z,BAW32,"22.29941,114.084122",4550,226,172
1484668890,2017-01-17T16:01:30Z,BAW32,"22.308161,114.081932",4350,218,157
1484668884,2017-01-17T16:01:24Z,BAW32,"22.311979,114.080399",4200,218,156
1484668874,2017-01-17T16:01:14Z,BAW32,"22.32119,114.074608",3850,218,140
1484668865,2017-01-17T16:01:05Z,BAW32,"22.330078,114.065002",3425,218,125
1484668855,2017-01-17T16:00:55Z,BAW32,"22.333761,114.058632",3200,218,116
1484668835,2017-01-17T16:00:35Z,BAW32,"22.338684,114.038033",2550,218,89
1484668828,2017-01-17T16:00:28Z,BAW32,"22.33823,114.030815",2350,217,80
1484668821,2017-01-17T16:00:21Z,BAW32,"22.336395,114.022705",2200,210,71
1484668815,2017-01-17T16:00:15Z,BAW32,"22.334473,114.016411",2100,205,71
1484668809,2017-01-17T16:00:09Z,BAW32,"22.33283,114.011284",2050,199,71
1484668803,2017-01-17T16:00:03Z,BAW32,"22.331085,114.005775",1950,193,70
1484668794,2017-01-17T15:59:54Z,BAW32,"22.328613,113.998039",1825,184,71
1484668788,2017-01-17T15:59:48Z,BAW32,"22.32692,113.992668",1750,180,71
1484668782,2017-01-17T15:59:42Z,BAW32,"22.325317,113.987701",1625,177,71
1484668776,2017-01-17T15:59:36Z,BAW32,"22.323614,113.982239",1450,177,70
1484668770,2017-01-17T15:59:30Z,BAW32,"22.322067,113.977409",1300,178,71
1484668764,2017-01-17T15:59:24Z,BAW32,"22.319656,113.969933",1050,179,70
1484668756,2017-01-17T15:59:16Z,BAW32,"22.318314,113.965828",925,179,70
1484668750,2017-01-17T15:59:10Z,BAW32,"22.316677,113.96067",750,179,70
1484668742,2017-01-17T15:59:02Z,BAW32,"22.314148,113.952843",550,179,70
1484668735,2017-01-17T15:58:55Z,BAW32,"22.312546,113.947998",400,179,70
1484668727,2017-01-17T15:58:47Z,BAW32,"22.310028,113.94046",175,178,69
1484668720,2017-01-17T15:58:40Z,BAW32,"22.308243,113.935112",50,178,70
1484668714,2017-01-17T15:58:34Z,BAW32,"22.306641,113.930321",0,179,70
1484668708,2017-01-17T15:58:28Z,BAW32,"22.304947,113.925224",0,175,71
1484668702,2017-01-17T15:58:22Z,BAW32,"22.302757,113.918358",0,155,70
1484668696,2017-01-17T15:58:16Z,BAW32,"22.3022,113.916626",0,149,70
1484668690,2017-01-17T15:58:10Z,BAW32,"22.300919,113.912544",0,132,70
1484668684,2017-01-17T15:58:04Z,BAW32,"22.299728,113.908844",0,112,70
1484668678,2017-01-17T15:57:58Z,BAW32,"22.298687,113.90564",0,96,70
1484668669,2017-01-17T15:57:49Z,BAW32,"22.29752,113.902008",0,66,70
1484668663,2017-01-17T15:57:43Z,BAW32,"22.297073,113.900658",0,48,70
1484668657,2017-01-17T15:57:37Z,BAW32,"22.29673,113.89959",0,26,70
1484668651,2017-01-17T15:57:31Z,BAW32,"22.296555,113.89904",0,28,70
1484668639,2017-01-17T15:57:19Z,BAW32,"22.296284,113.898445",0,22,118
1484668628,2017-01-17T15:57:08Z,BAW32,"22.296387,113.898125",0,23,151
1484668619,2017-01-17T15:56:59Z,BAW32,"22.296707,113.897934",0,22,160
1484668610,2017-01-17T15:56:50Z,BAW32,"22.297009,113.89782",0,18,168
1484668598,2017-01-17T15:56:38Z,BAW32,"22.297371,113.897682",0,20,188
1484668590,2017-01-17T15:56:30Z,BAW32,"22.297749,113.897682",0,24,222
1484668583,2017-01-17T15:56:23Z,BAW32,"22.297989,113.897873",0,24,247
1484668577,2017-01-17T15:56:17Z,BAW32,"22.298126,113.898224",0,25,250
1484668567,2017-01-17T15:56:07Z,BAW32,"22.298254,113.898621",0,26,250
1484668555,2017-01-17T15:55:55Z,BAW32,"22.298458,113.899246",0,27,250
1484668543,2017-01-17T15:55:43Z,BAW32,"22.298674,113.899902",0,27,250
1484668537,2017-01-17T15:55:37Z,BAW32,"22.298756,113.900185",0,26,250
1484668528,2017-01-17T15:55:28Z,BAW32,"22.298893,113.900635",0,26,250
1484668521,2017-01-17T15:55:21Z,BAW32,"22.299,113.900932",0,26,250
1484668515,2017-01-17T15:55:15Z,BAW32,"22.299133,113.901367",0,27,250
1484668505,2017-01-17T15:55:05Z,BAW32,"22.29929,113.901863",0,27,250
1484668498,2017-01-17T15:54:58Z,BAW32,"22.299385,113.902145",0,26,250
1484668492,2017-01-17T15:54:52Z,BAW32,"22.299477,113.902443",0,25,250
1484668474,2017-01-17T15:54:34Z,BAW32,"22.299778,113.903374",0,25,250
1484668462,2017-01-17T15:54:22Z,BAW32,"22.299946,113.903931",0,24,250
1484668456,2017-01-17T15:54:16Z,BAW32,"22.300047,113.904228",0,22,250
1484668443,2017-01-17T15:54:03Z,BAW32,"22.300232,113.904785",0,27,250
1484668434,2017-01-17T15:53:54Z,BAW32,"22.300392,113.905304",0,28,250
1484668428,2017-01-17T15:53:48Z,BAW32,"22.300465,113.905525",0,28,250
1484668422,2017-01-17T15:53:42Z,BAW32,"22.300598,113.905922",0,28,250
1484668407,2017-01-17T15:53:27Z,BAW32,"22.300838,113.90667",0,27,250
1484668400,2017-01-17T15:53:20Z,BAW32,"22.300953,113.907036",0,27,250
1484668394,2017-01-17T15:53:14Z,BAW32,"22.301035,113.907303",0,27,250
1484668386,2017-01-17T15:53:06Z,BAW32,"22.301239,113.907921",0,26,250
1484668378,2017-01-17T15:52:58Z,BAW32,"22.30135,113.908257",0,26,250
1484668371,2017-01-17T15:52:51Z,BAW32,"22.301432,113.908516",0,26,250
1484668365,2017-01-17T15:52:45Z,BAW32,"22.301525,113.908829",0,25,250
1484668359,2017-01-17T15:52:39Z,BAW32,"22.301617,113.909081",0,24,250
1484668353,2017-01-17T15:52:33Z,BAW32,"22.301699,113.909355",0,24,250
1484668347,2017-01-17T15:52:27Z,BAW32,"22.301788,113.90963",0,23,250
1484668341,2017-01-17T15:52:21Z,BAW32,"22.301874,113.909912",0,23,250
1484668332,2017-01-17T15:52:12Z,BAW32,"22.302017,113.91037",0,22,250
1484668324,2017-01-17T15:52:04Z,BAW32,"22.302097,113.910622",0,22,250
1484668318,2017-01-17T15:51:58Z,BAW32,"22.302176,113.910851",0,21,250
1484668312,2017-01-17T15:51:52Z,BAW32,"22.302258,113.911095",0,24,250
1484668306,2017-01-17T15:51:46Z,BAW32,"22.302361,113.911453",0,33,250
1484668300,2017-01-17T15:51:40Z,BAW32,"22.302502,113.911873",0,15,250
1484668294,2017-01-17T15:51:34Z,BAW32,"22.302629,113.912277",0,15,250
1484668288,2017-01-17T15:51:28Z,BAW32,"22.302761,113.912689",0,34,250
1484668282,2017-01-17T15:51:22Z,BAW32,"22.30291,113.913132",0,34,250
1484668276,2017-01-17T15:51:16Z,BAW32,"22.303036,113.913551",0,33,250
1484668270,2017-01-17T15:51:10Z,BAW32,"22.303165,113.913956",0,33,250
1484668262,2017-01-17T15:51:02Z,BAW32,"22.303322,113.914452",0,32,250
1484668256,2017-01-17T15:50:56Z,BAW32,"22.303457,113.914856",0,32,250
1484668250,2017-01-17T15:50:50Z,BAW32,"22.303574,113.915237",0,32,250
1484668244,2017-01-17T15:50:44Z,BAW32,"22.303701,113.915634",0,31,250
1484668238,2017-01-17T15:50:38Z,BAW32,"22.303825,113.916023",0,31,250
1484668232,2017-01-17T15:50:32Z,BAW32,"22.303946,113.916382",0,31,250
1484668226,2017-01-17T15:50:26Z,BAW32,"22.304062,113.916779",0,31,250
1484668220,2017-01-17T15:50:20Z,BAW32,"22.30418,113.917152",0,31,250
1484668212,2017-01-17T15:50:12Z,BAW32,"22.304363,113.917702",0,30,250
1484668205,2017-01-17T15:50:05Z,BAW32,"22.304512,113.918198",0,30,250
1484668197,2017-01-17T15:49:57Z,BAW32,"22.304644,113.91861",0,29,250
1484668191,2017-01-17T15:49:51Z,BAW32,"22.304749,113.9189",0,29,250
1484668185,2017-01-17T15:49:45Z,BAW32,"22.304855,113.919243",0,28,250
1484668179,2017-01-17T15:49:39Z,BAW32,"22.304958,113.919571",0,28,250
1484668173,2017-01-17T15:49:33Z,BAW32,"22.305073,113.919907",0,28,250
1484668167,2017-01-17T15:49:27Z,BAW32,"22.305199,113.920273",0,27,250
1484668161,2017-01-17T15:49:21Z,BAW32,"22.305279,113.920547",0,27,250
1484668155,2017-01-17T15:49:15Z,BAW32,"22.305382,113.920868",0,26,250
1484668149,2017-01-17T15:49:09Z,BAW32,"22.305485,113.921165",0,26,250
1484668143,2017-01-17T15:49:03Z,BAW32,"22.305656,113.921623",0,25,250
1484668134,2017-01-17T15:48:54Z,BAW32,"22.305748,113.921867",0,25,250
1484668128,2017-01-17T15:48:48Z,BAW32,"22.305841,113.922142",0,24,250
1484668122,2017-01-17T15:48:42Z,BAW32,"22.305931,113.922394",0,23,250
1484668116,2017-01-17T15:48:36Z,BAW32,"22.30604,113.922668",0,23,250
1484668110,2017-01-17T15:48:30Z,BAW32,"22.30611,113.922905",0,22,250
1484668102,2017-01-17T15:48:22Z,BAW32,"22.306215,113.923279",0,22,230
1484668095,2017-01-17T15:48:15Z,BAW32,"22.30632,113.923538",0,25,202
1484668089,2017-01-17T15:48:09Z,BAW32,"22.306553,113.923706",0,25,174
1484668083,2017-01-17T15:48:03Z,BAW32,"22.30682,113.923698",0,27,160
1484668076,2017-01-17T15:47:56Z,BAW32,"22.307236,113.923531",0,28,160
1484668067,2017-01-17T15:47:47Z,BAW32,"22.307705,113.923355",0,29,163
1484668061,2017-01-17T15:47:41Z,BAW32,"22.30806,113.923218",0,31,160
1484668055,2017-01-17T15:47:35Z,BAW32,"22.308403,113.92308",0,31,160
1484668049,2017-01-17T15:47:29Z,BAW32,"22.308786,113.922935",0,30,160
1484668043,2017-01-17T15:47:23Z,BAW32,"22.309101,113.922813",0,29,160
1484668037,2017-01-17T15:47:17Z,BAW32,"22.309427,113.922691",0,29,160
1484668028,2017-01-17T15:47:08Z,BAW32,"22.309914,113.922531",0,28,160
1484668022,2017-01-17T15:47:02Z,BAW32,"22.31023,113.922409",0,28,160
1484668014,2017-01-17T15:46:54Z,BAW32,"22.310646,113.922256",0,27,160
1484668007,2017-01-17T15:46:47Z,BAW32,"22.310989,113.922127",0,33,160
1484668001,2017-01-17T15:46:41Z,BAW32,"22.311405,113.921982",0,15,160
1484667995,2017-01-17T15:46:35Z,BAW32,"22.3118,113.921837",0,16,160
1484667986,2017-01-17T15:46:26Z,BAW32,"22.31242,113.921616",0,34,160
1484667980,2017-01-17T15:46:20Z,BAW32,"22.312798,113.921478",0,32,160
1484667974,2017-01-17T15:46:14Z,BAW32,"22.313139,113.921371",0,30,160
1484667968,2017-01-17T15:46:08Z,BAW32,"22.313442,113.921257",0,29,160
1484667962,2017-01-17T15:46:02Z,BAW32,"22.313744,113.92115",0,27,160
1484667956,2017-01-17T15:45:56Z,BAW32,"22.314148,113.921005",0,25,160
1484667950,2017-01-17T15:45:50Z,BAW32,"22.314365,113.920921",0,24,160
1484667943,2017-01-17T15:45:43Z,BAW32,"22.314617,113.920807",0,24,165
1484667937,2017-01-17T15:45:37Z,BAW32,"22.314898,113.920692",0,25,182
1484667928,2017-01-17T15:45:28Z,BAW32,"22.315304,113.920647",0,25,227
1484667922,2017-01-17T15:45:22Z,BAW32,"22.315521,113.92086",0,26,250
1484667916,2017-01-17T15:45:16Z,BAW32,"22.315647,113.921234",0,16,250
1484667910,2017-01-17T15:45:10Z,BAW32,"22.315804,113.921738",0,16,250
1484667904,2017-01-17T15:45:04Z,BAW32,"22.315956,113.922211",0,16,250
1484667898,2017-01-17T15:44:58Z,BAW32,"22.316095,113.922653",0,16,250
1484667890,2017-01-17T15:44:50Z,BAW32,"22.316305,113.923286",0,16,250
1484667884,2017-01-17T15:44:44Z,BAW32,"22.316448,113.923714",0,15,250
1484667878,2017-01-17T15:44:38Z,BAW32,"22.316584,113.924141",0,33,250
1484667869,2017-01-17T15:44:29Z,BAW32,"22.316757,113.924706",0,30,250
1484667863,2017-01-17T15:44:23Z,BAW32,"22.316883,113.925049",0,27,250
1484667857,2017-01-17T15:44:17Z,BAW32,"22.31698,113.925346",0,25,250
1484667851,2017-01-17T15:44:11Z,BAW32,"22.31706,113.925606",0,22,250
1484667838,2017-01-17T15:43:58Z,BAW32,"22.317192,113.926025",0,17,250
1484667824,2017-01-17T15:43:44Z,BAW32,"22.317293,113.926338",0,11,250
1484667800,2017-01-17T15:43:20Z,BAW32,"22.317375,113.926605",0,2,250
1484667776,2017-01-17T15:42:56Z,BAW32,"22.317432,113.926826",0,11,250
1484667763,2017-01-17T15:42:43Z,BAW32,"22.317513,113.927086",0,12,250
1484667751,2017-01-17T15:42:31Z,BAW32,"22.317604,113.927361",0,17,250
1484667739,2017-01-17T15:42:19Z,BAW32,"22.317713,113.927711",0,19,250
1484667733,2017-01-17T15:42:13Z,BAW32,"22.317795,113.927971",0,24,250
1484667727,2017-01-17T15:42:07Z,BAW32,"22.317879,113.928246",0,25,250
1484667717,2017-01-17T15:41:57Z,BAW32,"22.318016,113.928665",0,25,250
1484667711,2017-01-17T15:41:51Z,BAW32,"22.318098,113.928932",0,25,250
1484667695,2017-01-17T15:41:35Z,BAW32,"22.318354,113.929733",0,24,250
1484667689,2017-01-17T15:41:29Z,BAW32,"22.318439,113.929985",0,24,253
1484667683,2017-01-17T15:41:23Z,BAW32,"22.318542,113.930244",0,24,253
1484667674,2017-01-17T15:41:14Z,BAW32,"22.318726,113.930687",0,28,289
1484667667,2017-01-17T15:41:07Z,BAW32,"22.31868,113.931007",0,27,320
1484667658,2017-01-17T15:40:58Z,BAW32,"22.318317,113.931297",0,25,340
1484667650,2017-01-17T15:40:50Z,BAW32,"22.317936,113.931442",0,24,340
1484667639,2017-01-17T15:40:39Z,BAW32,"22.317513,113.931595",0,23,343
1484667631,2017-01-17T15:40:31Z,BAW32,"22.317146,113.931717",0,24,343
1484667624,2017-01-17T15:40:24Z,BAW32,"22.316883,113.931854",0,26,357
1484667618,2017-01-17T15:40:18Z,BAW32,"22.316607,113.931923",0,25,22
1484667612,2017-01-17T15:40:12Z,BAW32,"22.316357,113.93187",0,22,32
1484667603,2017-01-17T15:40:03Z,BAW32,"22.316095,113.931656",0,17,67
1484667325,2017-01-17T15:35:25Z,BAW32,"22.316002,113.931419",0,10,70
1484667304,2017-01-17T15:35:04Z,BAW32,"22.316116,113.931717",0,11,70
1484667283,2017-01-17T15:34:43Z,BAW32,"22.316265,113.932014",0,10,64
1484667258,2017-01-17T15:34:18Z,BAW32,"22.316212,113.932343",0,10,90
1484667237,2017-01-17T15:33:57Z,BAW32,"22.316107,113.932632",0,11,101
